roll,quota,AIR,caste,PwD,choice,institute_code,institute,degree,alloted_category,alloted_ph,round
2001920176,Open Seat Quota ,1.01,General,NO,1,200502,"AIIMS, New Delhi,AIIMS ANSARI NAGAR EAST AUROBINDO MARG NEW DELHI 110029, Delhi (NCT), 110029",MBBS,Open,NO,1
4408010813,Open Seat Quota ,1.02,General,NO,1,200502,"AIIMS, New Delhi,AIIMS ANSARI NAGAR EAST AUROBINDO MARG NEW DELHI 110029, Delhi (NCT), 110029",MBBS,Open,NO,1
1518070396,Open Seat Quota ,1.03,OBC,NO,1,200502,"AIIMS, New Delhi,AIIMS ANSARI NAGAR EAST AUROBINDO MARG NEW DELHI 110029, Delhi (NCT), 110029",MBBS,Open,NO,1
3918040017,Open Seat Quota ,1.04,General,NO,1,200502,"AIIMS, New Delhi,AIIMS ANSARI NAGAR EAST AUROBINDO MARG NEW DELHI 110029, Delhi (NCT), 110029",MBBS,Open,NO,1
3923490143,Open Seat Quota ,1.05,General,NO,1,200502,"AIIMS, New Delhi,AIIMS ANSARI NAGAR EAST AUROBINDO MARG NEW DELHI 110029, Delhi (NCT), 110029",MBBS,Open,NO,1
3905130233,Open Seat Quota ,1.06,General,NO,1,200502,"AIIMS, New Delhi,AIIMS ANSARI NAGAR EAST AUROBINDO MARG NEW DELHI 110029, Delhi (NCT), 110029",MBBS,Open,NO,1
3805040153,Open Seat Quota ,1.07,General,NO,1,200502,"AIIMS, New Delhi,AIIMS ANSARI NAGAR EAST AUROBINDO MARG NEW DELHI 110029, Delhi (NCT), 110029",MBBS,Open,NO,1
4608060714,Open Seat Quota ,1.08,OBC,NO,1,200502,"AIIMS, New Delhi,AIIMS ANSARI NAGAR EAST AUROBINDO MARG NEW DELHI 110029, Delhi (NCT), 110029",MBBS,Open,NO,1
3111200278,Open Seat Quota ,1.09,General,NO,1,200502,"AIIMS, New Delhi,AIIMS ANSARI NAGAR EAST AUROBINDO MARG NEW DELHI 110029, Delhi (NCT), 110029",MBBS,Open,NO,1
4408010212,Open Seat Quota ,1.1,General,NO,1,200502,"AIIMS, New Delhi,AIIMS ANSARI NAGAR EAST AUROBINDO MARG NEW DELHI 110029, Delhi (NCT), 110029",MBBS,Open,NO,1
3114070516,Open Seat Quota ,1.11,General,NO,1,200502,"AIIMS, New Delhi,AIIMS ANSARI NAGAR EAST AUROBINDO MARG NEW DELHI 110029, Delhi (NCT), 110029",MBBS,Open,NO,1
4131040542,Open Seat Quota ,1.12,SC,NO,1,200502,"AIIMS, New Delhi,AIIMS ANSARI NAGAR EAST AUROBINDO MARG NEW DELHI 110029, Delhi (NCT), 110029",MBBS,Open,NO,1
2807080262,Open Seat Quota ,1.13,General,NO,1,200502,"AIIMS, New Delhi,AIIMS ANSARI NAGAR EAST AUROBINDO MARG NEW DELHI 110029, Delhi (NCT), 110029",MBBS,Open,NO,1
3112500239,Open Seat Quota ,1.14,General,NO,1,200502,"AIIMS, New Delhi,AIIMS ANSARI NAGAR EAST AUROBINDO MARG NEW DELHI 110029, Delhi (NCT), 110029",MBBS,Open,NO,1
3814060175,Open Seat Quota ,1.15,General,NO,1,200502,"AIIMS, New Delhi,AIIMS ANSARI NAGAR EAST AUROBINDO MARG NEW DELHI 110029, Delhi (NCT), 110029",MBBS,Open,NO,1
3923460114,Open Seat Quota ,1.16,EW,NO,1,200502,"AIIMS, New Delhi,AIIMS ANSARI NAGAR EAST AUROBINDO MARG NEW DELHI 110029, Delhi (NCT), 110029",MBBS,Open,NO,1
3903020440,Open Seat Quota ,1.17,General,NO,1,200502,"AIIMS, New Delhi,AIIMS ANSARI NAGAR EAST AUROBINDO MARG NEW DELHI 110029, Delhi (NCT), 110029",MBBS,Open,NO,1
4408050294,Open Seat Quota ,18,General,NO,1,200502,"AIIMS, New Delhi,AIIMS ANSARI NAGAR EAST AUROBINDO MARG NEW DELHI 110029, Delhi (NCT), 110029",MBBS,Open,NO,1
3902020525,Open Seat Quota ,19,General,NO,1,200502,"AIIMS, New Delhi,AIIMS ANSARI NAGAR EAST AUROBINDO MARG NEW DELHI 110029, Delhi (NCT), 110029",MBBS,Open,NO,1
1526030008,Open Seat Quota ,20,OBC,NO,1,200502,"AIIMS, New Delhi,AIIMS ANSARI NAGAR EAST AUROBINDO MARG NEW DELHI 110029, Delhi (NCT), 110029",MBBS,Open,NO,1
2712330043,Open Seat Quota ,21,General,NO,1,200502,"AIIMS, New Delhi,AIIMS ANSARI NAGAR EAST AUROBINDO MARG NEW DELHI 110029, Delhi (NCT), 110029",MBBS,Open,NO,1
4410060494,Open Seat Quota ,22,General,NO,1,200502,"AIIMS, New Delhi,AIIMS ANSARI NAGAR EAST AUROBINDO MARG NEW DELHI 110029, Delhi (NCT), 110029",MBBS,Open,NO,1
3104150086,Open Seat Quota ,23,General,NO,1,200502,"AIIMS, New Delhi,AIIMS ANSARI NAGAR EAST AUROBINDO MARG NEW DELHI 110029, Delhi (NCT), 110029",MBBS,Open,NO,1
2001450540,Open Seat Quota ,24,General,NO,1,200502,"AIIMS, New Delhi,AIIMS ANSARI NAGAR EAST AUROBINDO MARG NEW DELHI 110029, Delhi (NCT), 110029",MBBS,Open,NO,1
3111020418,Open Seat Quota ,25,General,NO,1,200502,"AIIMS, New Delhi,AIIMS ANSARI NAGAR EAST AUROBINDO MARG NEW DELHI 110029, Delhi (NCT), 110029",MBBS,Open,NO,1
4101140577,Open Seat Quota ,26,General,NO,1,200502,"AIIMS, New Delhi,AIIMS ANSARI NAGAR EAST AUROBINDO MARG NEW DELHI 110029, Delhi (NCT), 110029",MBBS,Open,NO,1
3803020221,Open Seat Quota ,27,General,NO,1,200502,"AIIMS, New Delhi,AIIMS ANSARI NAGAR EAST AUROBINDO MARG NEW DELHI 110029, Delhi (NCT), 110029",MBBS,Open,NO,1
4610020223,Open Seat Quota ,28,General,NO,1,200502,"AIIMS, New Delhi,AIIMS ANSARI NAGAR EAST AUROBINDO MARG NEW DELHI 110029, Delhi (NCT), 110029",MBBS,Open,NO,1
2301150185,Open Seat Quota ,29,General,NO,1,200502,"AIIMS, New Delhi,AIIMS ANSARI NAGAR EAST AUROBINDO MARG NEW DELHI 110029, Delhi (NCT), 110029",MBBS,Open,NO,1
4615020151,Open Seat Quota ,30,General,NO,1,200502,"AIIMS, New Delhi,AIIMS ANSARI NAGAR EAST AUROBINDO MARG NEW DELHI 110029, Delhi (NCT), 110029",MBBS,Open,NO,1
4502010089,Open Seat Quota ,31,General,NO,1,200502,"AIIMS, New Delhi,AIIMS ANSARI NAGAR EAST AUROBINDO MARG NEW DELHI 110029, Delhi (NCT), 110029",MBBS,Open,NO,1
3814040184,Open Seat Quota ,32,General,NO,1,200502,"AIIMS, New Delhi,AIIMS ANSARI NAGAR EAST AUROBINDO MARG NEW DELHI 110029, Delhi (NCT), 110029",MBBS,Open,NO,1
2208020515,Open Seat Quota ,33,EW,NO,1,200502,"AIIMS, New Delhi,AIIMS ANSARI NAGAR EAST AUROBINDO MARG NEW DELHI 110029, Delhi (NCT), 110029",MBBS,Open,NO,1
1504020063,Open Seat Quota ,34,OBC,NO,1,200502,"AIIMS, New Delhi,AIIMS ANSARI NAGAR EAST AUROBINDO MARG NEW DELHI 110029, Delhi (NCT), 110029",MBBS,Open,NO,1
4301010696,Open Seat Quota ,35,SC,NO,1,200502,"AIIMS, New Delhi,AIIMS ANSARI NAGAR EAST AUROBINDO MARG NEW DELHI 110029, Delhi (NCT), 110029",MBBS,Open,NO,1
2302040503,Open Seat Quota ,36,EW,NO,1,200502,"AIIMS, New Delhi,AIIMS ANSARI NAGAR EAST AUROBINDO MARG NEW DELHI 110029, Delhi (NCT), 110029",MBBS,Open,NO,1
3903600031,Open Seat Quota ,37,General,NO,1,200502,"AIIMS, New Delhi,AIIMS ANSARI NAGAR EAST AUROBINDO MARG NEW DELHI 110029, Delhi (NCT), 110029",MBBS,Open,NO,1
4101170046,Open Seat Quota ,38,General,NO,1,200521,"JIPMER PUDUCHERRY,Dhanvantari Nagar Gorimedu Puducherry, Puducherry, 605006",MBBS,Open,NO,1
3115350173,Open Seat Quota ,39,General,NO,1,200502,"AIIMS, New Delhi,AIIMS ANSARI NAGAR EAST AUROBINDO MARG NEW DELHI 110029, Delhi (NCT), 110029",MBBS,Open,NO,1
3925020112,Open Seat Quota ,40,General,NO,1,200502,"AIIMS, New Delhi,AIIMS ANSARI NAGAR EAST AUROBINDO MARG NEW DELHI 110029, Delhi (NCT), 110029",MBBS,Open,NO,1
4101140043,Open Seat Quota ,41,General,NO,1,200502,"AIIMS, New Delhi,AIIMS ANSARI NAGAR EAST AUROBINDO MARG NEW DELHI 110029, Delhi (NCT), 110029",MBBS,Open,NO,1
4101070368,Open Seat Quota ,42,OBC,NO,1,200502,"AIIMS, New Delhi,AIIMS ANSARI NAGAR EAST AUROBINDO MARG NEW DELHI 110029, Delhi (NCT), 110029",MBBS,Open,NO,1
3906010801,Open Seat Quota ,43,General,NO,1,200502,"AIIMS, New Delhi,AIIMS ANSARI NAGAR EAST AUROBINDO MARG NEW DELHI 110029, Delhi (NCT), 110029",MBBS,Open,NO,1
1203040193,Open Seat Quota ,44,General,NO,1,200502,"AIIMS, New Delhi,AIIMS ANSARI NAGAR EAST AUROBINDO MARG NEW DELHI 110029, Delhi (NCT), 110029",MBBS,Open,NO,1
3903250400,Open Seat Quota ,45,General,NO,1,200502,"AIIMS, New Delhi,AIIMS ANSARI NAGAR EAST AUROBINDO MARG NEW DELHI 110029, Delhi (NCT), 110029",MBBS,Open,NO,1
4609020112,Open Seat Quota ,46,General,NO,1,200502,"AIIMS, New Delhi,AIIMS ANSARI NAGAR EAST AUROBINDO MARG NEW DELHI 110029, Delhi (NCT), 110029",MBBS,Open,NO,1
3903190309,Open Seat Quota ,47,General,NO,1,200502,"AIIMS, New Delhi,AIIMS ANSARI NAGAR EAST AUROBINDO MARG NEW DELHI 110029, Delhi (NCT), 110029",MBBS,Open,NO,1
3905270041,Open Seat Quota ,48,OBC,NO,1,200502,"AIIMS, New Delhi,AIIMS ANSARI NAGAR EAST AUROBINDO MARG NEW DELHI 110029, Delhi (NCT), 110029MBBS Other Backward Class",B.Sc. Nursing,(OBC-NCL),NO,1
2802020280,Open Seat Quota ,49,General,NO,2,200521,"JIPMER PUDUCHERRY,Dhanvantari Nagar Gorimedu Puducherry, Puducherry, 605006",MBBS,Open,NO,1
1205010353,Open Seat Quota ,50,OBC,NO,1,200502,"AIIMS, New Delhi,AIIMS ANSARI NAGAR EAST AUROBINDO MARG NEW DELHI 110029, Delhi (NCT), 110029MBBS Other Backward Class",B.Sc. Nursing,(OBC-NCL),NO,1
4113030080,Open Seat Quota ,51,OBC,NO,1,200502,"AIIMS, New Delhi,AIIMS ANSARI NAGAR EAST AUROBINDO MARG NEW DELHI 110029, Delhi (NCT), 110029MBBS Other Backward Class",B.Sc. Nursing,(OBC-NCL),NO,1
3110070584,All India ,52,General,NO,1,200226,"SETH G.S. MEDICAL COLLEGE, MUMBAI,ACHARYA DONDE MARG PAREL MUMBAI, Maharashtra, 400012",MBBS,Open,NO,1
2712160121,Open Seat Quota ,53,General,NO,2,200521,"JIPMER PUDUCHERRY,Dhanvantari Nagar Gorimedu Puducherry, Puducherry, 605006",MBBS,Open,NO,1
3803020857,All India ,54,General,NO,2,200495,"Vardhman Mahavir Medical College and Safdarjung Hospital New Delhi, VMMC,Vardhman Mahavir Medical College And Safdarjung Hospital, New Delhi, Delhi (NCT), 110029",MBBS,Open,NO,1
4410120368,All India ,55,General,NO,2,200495,"Vardhman Mahavir Medical College and Safdarjung Hospital New Delhi, VMMC,Vardhman Mahavir Medical College And Safdarjung Hospital, New Delhi, Delhi (NCT), 110029",MBBS,Open,NO,1
3923440101,Open Seat Quota ,56,General,NO,2,200505," AIIMS, Jodhpur,BASNI PHASE - II, JODHPUR-342005, Rajasthan, 342005 ",MBBS,Open,NO,1
2603130439,Open Seat Quota ,57,OBC,NO,1,200502,"AIIMS, New Delhi,AIIMS ANSARI NAGAR EAST AUROBINDO MARG NEW DELHI 110029, Delhi (NCT), 110029MBBS Other Backward Class",B.Sc. Nursing,(OBC-NCL),NO,1
3903270703,All India ,58,General,NO,2,200449,"Maulana Azad Medical College, New Delhi,2 Bahadur Shah Zafar MargNew Delhi, Delhi (NCT), 110002",MBBS,Open,NO,1
4410120262,All India ,59,General,NO,2,200495,"Vardhman Mahavir Medical College and Safdarjung Hospital New Delhi, VMMC,Vardhman Mahavir Medical College And Safdarjung Hospital, New Delhi, Delhi (NCT), 110029",MBBS,Open,NO,1
3102140346,Open Seat Quota ,60,General,NO,2,200509,"AIIMS, Nagpur,PLOT NO 2 SECTOR 20 MIHAN NAGPUR, Maharashtra, 441108",MBBS,Open,NO,1
4409030095,All India ,61,General,NO,2,200449,"Maulana Azad Medical College, New Delhi,2 Bahadur Shah Zafar MargNew Delhi, Delhi (NCT), 110002",MBBS,Open,NO,1
4456010104,All India ,62,General,NO,2,200495,"Vardhman Mahavir Medical College and Safdarjung Hospital New Delhi, VMMC,Vardhman Mahavir Medical College And Safdarjung Hospital, New Delhi, Delhi (NCT), 110029",MBBS,Open,NO,1
2201060522,All India ,63,General,NO,2,200137,"B.J. MEDICAL COLLEGE, AHMEDABAD,B J Medical College, New Civil Hospital Campus, Asarwa, Ahmedabad 380016, Gujarat, 380016",MBBS,Open,NO,1
2712150234,Open Seat Quota ,64,General,NO,1,200521,"JIPMER PUDUCHERRY,Dhanvantari Nagar Gorimedu Puducherry, Puducherry, 605006",MBBS,Open,NO,1
2301140268,Open Seat Quota ,65,OBC,NO,1,200502,"AIIMS, New Delhi,AIIMS ANSARI NAGAR EAST AUROBINDO MARG NEW DELHI 110029, Delhi (NCT), 110029MBBS Other Backward Class",B.Sc. Nursing,(OBC-NCL),NO,1
4108080365,Open Seat Quota ,66,General,NO,1,200521,"JIPMER PUDUCHERRY,Dhanvantari Nagar Gorimedu Puducherry, Puducherry, 605006",MBBS,Open,NO,1
1502450494,Open Seat Quota ,67,OBC,NO,1,200502,"AIIMS, New Delhi,AIIMS ANSARI NAGAR EAST AUROBINDO MARG NEW DELHI 110029, Delhi (NCT), 110029MBBS Other Backward Class",B.Sc. Nursing,(OBC-NCL),NO,1
2208040843,All India ,68,General,NO,1,200138,"GOVERNMENT MEDICAL COLLEGE, SURAT,Out Side Majura Gate, New Civil Hospital Campus, Opp. Income Tax office, Surat - 395001, Gujarat, 395001",MBBS,Open,NO,1
2206020350,Open Seat Quota ,69,SC,NO,1,200502,"AIIMS, New Delhi,AIIMS ANSARI NAGAR EAST AUROBINDO MARG NEW DELHI 110029, Delhi (NCT), 110029MBBS Schedule",B.Sc. Nursing,Caste(SC),NO,1
4407100503,Open Seat Quota ,70,EW,NO,1,200502,"AIIMS, New Delhi,AIIMS ANSARI NAGAR EAST AUROBINDO MARG NEW DELHI 110029, Delhi (NCT), 110029",MBBS,General-EWS,NO,1
2707150055,Open Seat Quota ,71,General,NO,2,200521,"JIPMER PUDUCHERRY,Dhanvantari Nagar Gorimedu Puducherry, Puducherry, 605006",MBBS,Open,NO,1
4108010447,Open Seat Quota ,72,OBC,NO,1,200502,"AIIMS, New Delhi,AIIMS ANSARI NAGAR EAST AUROBINDO MARG NEW DELHI 110029, Delhi (NCT), 110029MBBS Other Backward Class",B.Sc. Nursing,(OBC-NCL),NO,1
2806021049,Open Seat Quota ,73,General,NO,1,200521,"JIPMER PUDUCHERRY,Dhanvantari Nagar Gorimedu Puducherry, Puducherry, 605006",MBBS,Open,NO,1
4108060092,Open Seat Quota ,74,General,NO,2,200521,"JIPMER PUDUCHERRY,Dhanvantari Nagar Gorimedu Puducherry, Puducherry, 605006",MBBS,Open,NO,1
2001630402,All India ,75,General,NO,2,200449,"Maulana Azad Medical College, New Delhi,2 Bahadur Shah Zafar MargNew Delhi, Delhi (NCT), 110002",MBBS,Open,NO,1
2207011647,Open Seat Quota ,76,General,NO,2,200505," AIIMS, Jodhpur,BASNI PHASE - II, JODHPUR-342005, Rajasthan, 342005 ",MBBS,Open,NO,1
3802040224,All India ,77,General,NO,2,200449,"Maulana Azad Medical College, New Delhi,2 Bahadur Shah Zafar MargNew Delhi, Delhi (NCT), 110002",MBBS,Open,NO,1
2219010422,All India ,78,OBC,NO,1,200141,"M.P. SHAH MEDICAL COLLEGE, JAMNAGAR,PANDIT NEHRU MARG, JAMNAGAR 361008, Gujarat, 361008",MBBS,Open,NO,1
3110110328,Open Seat Quota ,79General,NO,1,200503,,"AIIMS-Bhopal,,SAKET NAGAR BHOPAL, Madhya Pradesh, 462020 ",MBBS,Open,NO,2
2201060423,All India ,80,General,NO,2,200137,"B.J. MEDICAL COLLEGE, AHMEDABAD,B J Medical College, New Civil Hospital Campus, Asarwa, Ahmedabad 380016, Gujarat, 380016",MBBS,Open,NO,1
1205040181,Open Seat Quota ,81,EW,NO,1,200502,"AIIMS, New Delhi,AIIMS ANSARI NAGAR EAST AUROBINDO MARG NEW DELHI 110029, Delhi (NCT), 110029",MBBS,General-EWS,NO,1
2808260093,Open Seat Quota ,82,General,NO,2,200521,"JIPMER PUDUCHERRY,Dhanvantari Nagar Gorimedu Puducherry, Puducherry, 605006",MBBS,Open,NO,1
3903010023,Open Seat Quota ,83,OBC,NO,1,200502,"AIIMS, New Delhi,AIIMS ANSARI NAGAR EAST AUROBINDO MARG NEW DELHI 110029, Delhi (NCT), 110029MBBS Other Backward Class",B.Sc. Nursing,(OBC-NCL),NO,1
2708090324,Open Seat Quota ,84,General,NO,2,200521,"JIPMER PUDUCHERRY,Dhanvantari Nagar Gorimedu Puducherry, Puducherry, 605006",MBBS,Open,NO,1
1205030857,Open Seat Quota ,85,General,NO,2,200521,"JIPMER PUDUCHERRY,Dhanvantari Nagar Gorimedu Puducherry, Puducherry, 605006",MBBS,Open,NO,1
1531050005,Open Seat Quota ,86,OBC,NO,1,200502,"AIIMS, New Delhi,AIIMS ANSARI NAGAR EAST AUROBINDO MARG NEW DELHI 110029, Delhi (NCT), 110029MBBS Other Backward Class",B.Sc. Nursing,(OBC-NCL),NO,1
3904040576,Open Seat Quota ,87,OBC,NO,1,200502,"AIIMS, New Delhi,AIIMS ANSARI NAGAR EAST AUROBINDO MARG NEW DELHI 110029, Delhi (NCT), 110029MBBS Other Backward Class",B.Sc. Nursing,(OBC-NCL),NO,1
2209050027,All India ,88,General,NO,2,200495,"Vardhman Mahavir Medical College and Safdarjung Hospital New Delhi, VMMC,Vardhman Mahavir Medical College And Safdarjung Hospital, New Delhi, Delhi (NCT), 110029",MBBS,Open,NO,1
3923490086,Open Seat Quota ,89,EW,NO,1,200502,"AIIMS, New Delhi,AIIMS ANSARI NAGAR EAST AUROBINDO MARG NEW DELHI 110029, Delhi (NCT), 110029",MBBS,General-EWS,NO,1
2712350017,Open Seat Quota ,90,General,NO,2,200521,"JIPMER PUDUCHERRY,Dhanvantari Nagar Gorimedu Puducherry, Puducherry, 605006",MBBS,Open,NO,1
3115370103,Open Seat Quota ,91,OBC,NO,1,200502,"AIIMS, New Delhi,AIIMS ANSARI NAGAR EAST AUROBINDO MARG NEW DELHI 110029, Delhi (NCT), 110029MBBS Other Backward Class",B.Sc. Nursing,(OBC-NCL),NO,1
3905520026,Open Seat Quota ,92,EW,NO,1,200502,"AIIMS, New Delhi,AIIMS ANSARI NAGAR EAST AUROBINDO MARG NEW DELHI 110029, Delhi (NCT), 110029",MBBS,General-EWS,NO,1
3602070284,Open Seat Quota ,93,SC,NO,1,200502,"AIIMS, New Delhi,AIIMS ANSARI NAGAR EAST AUROBINDO MARG NEW DELHI 110029, Delhi (NCT), 110029MBBS Schedule",B.Sc. Nursing,Caste(SC),NO,1
3903610595,All India ,94,General,NO,2,200449,"Maulana Azad Medical College, New Delhi,2 Bahadur Shah Zafar MargNew Delhi, Delhi (NCT), 110002",MBBS,Open,NO,1
2315090030,Open Seat Quota ,95,OBC,NO,1,200502,"AIIMS, New Delhi,AIIMS ANSARI NAGAR EAST AUROBINDO MARG NEW DELHI 110029, Delhi (NCT), 110029MBBS Other Backward Class",B.Sc. Nursing,(OBC-NCL),NO,1
3003210316,Open Seat Quota ,96,EW,NO,1,200502,"AIIMS, New Delhi,AIIMS ANSARI NAGAR EAST AUROBINDO MARG NEW DELHI 110029, Delhi (NCT), 110029",MBBS,General-EWS,NO,1
4608210185,Open Seat Quota ,97,General,NO,2,200504,"AIIMS, Bhubaneswar,AT - Sijua, POST - DUMUDUMA, BHUBANESWAR-751019, Odisha, 751019",MBBS,Open,NO,1
3923150470,Open Seat Quota ,98,OBC,NO,1,200502,"AIIMS, New Delhi,AIIMS ANSARI NAGAR EAST AUROBINDO MARG NEW DELHI 110029, Delhi (NCT), 110029MBBS Other Backward Class",B.Sc. Nursing,(OBC-NCL),NO,1
3903840432,Open Seat Quota ,99,OBC,NO,1,200502,"AIIMS, New Delhi,AIIMS ANSARI NAGAR EAST AUROBINDO MARG NEW DELHI 110029, Delhi (NCT), 110029MBBS Other Backward Class",B.Sc. Nursing,(OBC-NCL),NO,1
4101270012,All India ,100,General,NO,1,200275,"MADRAS MEDICAL COLLEGE, CHENNAI,MADRAS MEDICAL COLLEGE EVR PERIYAR SALAI,PARK TOWN,CHENNAI,TAMIL NADU., Tamil Nadu, 600003",MBBS,Open,NO,1
3604060440,Open Seat Quota ,101,General,NO,2,200504,"AIIMS, Bhubaneswar,AT - Sijua, POST - DUMUDUMA, BHUBANESWAR-751019, Odisha, 751019",MBBS,Open,NO,1
3604050040,Open Seat Quota ,102,General,NO,2,200504,"AIIMS, Bhubaneswar,AT - Sijua, POST - DUMUDUMA, BHUBANESWAR-751019, Odisha, 751019",MBBS,Open,NO,1
2712080077,Open Seat Quota ,103,General,NO,2,200521,"JIPMER PUDUCHERRY,Dhanvantari Nagar Gorimedu Puducherry, Puducherry, 605006",MBBS,Open,NO,1
3111230076,Open Seat Quota ,104,General,NO,2,200509,"AIIMS, Nagpur,PLOT NO 2 SECTOR 20 MIHAN NAGPUR, Maharashtra, 441108",MBBS,Open,NO,1
3916020174,Open Seat Quota ,105,OBC,NO,1,200502,"AIIMS, New Delhi,AIIMS ANSARI NAGAR EAST AUROBINDO MARG NEW DELHI 110029, Delhi (NCT), 110029MBBS Other Backward Class",B.Sc. Nursing,(OBC-NCL),NO,1
3814050273,All India ,106,General,NO,2,200495,"Vardhman Mahavir Medical College and Safdarjung Hospital New Delhi, VMMC,Vardhman Mahavir Medical College And Safdarjung Hospital, New Delhi, Delhi (NCT), 110029",MBBS,Open,NO,1
3803020869,All India ,107,General,NO,2,200449,"Maulana Azad Medical College, New Delhi,2 Bahadur Shah Zafar MargNew Delhi, Delhi (NCT), 110002",MBBS,Open,NO,1
2001220029,Delhi University Quota ,108,General,NO,2,200449,"Maulana Azad Medical College, New Delhi,2 Bahadur Shah Zafar MargNew Delhi, Delhi (NCT), 110002",MBBS,Open,NO,1
3108020911,Open Seat Quota ,109,OBC,NO,1,200502,"AIIMS, New Delhi,AIIMS ANSARI NAGAR EAST AUROBINDO MARG NEW DELHI 110029, Delhi (NCT), 110029MBBS Other Backward Class",B.Sc. Nursing,(OBC-NCL),NO,1
3802050350,Open Seat Quota ,110,General,NO,1,200511,"AIIMS Bathinda ,Jodhpur Romana near Giani Zail Singh College Mandi Dabwali Road Bathinda, Punjab, 151001",MBBS,Open,NO,2
3004010259,Open Seat Quota ,111,General,NO,1,200503," AIIMS-Bhopal,,SAKET NAGAR BHOPAL, Madhya Pradesh, 462020 ",MBBS,Open,NO,1
3923010348,Open Seat Quota ,112,OBC,NO,1,200502,"AIIMS, New Delhi,AIIMS ANSARI NAGAR EAST AUROBINDO MARG NEW DELHI 110029, Delhi (NCT), 110029MBBS Other Backward Class",B.Sc. Nursing,(OBC-NCL),NO,1
2707170294,Open Seat Quota ,113,OBC,NO,1,200502,"AIIMS, New Delhi,AIIMS ANSARI NAGAR EAST AUROBINDO MARG NEW DELHI 110029, Delhi (NCT), 110029MBBS Other Backward Class",B.Sc. Nursing,(OBC-NCL),NO,1
3903420504,All India ,114,General,NO,2,200495,"Vardhman Mahavir Medical College and Safdarjung Hospital New Delhi, VMMC,Vardhman Mahavir Medical College And Safdarjung Hospital, New Delhi, Delhi (NCT), 110029",MBBS,Open,NO,1
3905130216,All India ,115,General,NO,2,200449,"Maulana Azad Medical College, New Delhi,2 Bahadur Shah Zafar MargNew Delhi, Delhi (NCT), 110002",MBBS,Open,NO,1
4108030021,Open Seat Quota ,116,OBC,NO,1,200521,"JIPMER PUDUCHERRY,Dhanvantari Nagar Gorimedu Puducherry, Puducherry, 605006",MBBS,Open,NO,1
3908030394,Open Seat Quota ,117,General,NO,2,200505," AIIMS, Jodhpur,BASNI PHASE - II, JODHPUR-342005, Rajasthan, 342005 ",MBBS,Open,NO,1
4601080316,Open Seat Quota ,118,OBC,NO,1,200502,"AIIMS, New Delhi,AIIMS ANSARI NAGAR EAST AUROBINDO MARG NEW DELHI 110029, Delhi (NCT), 110029MBBS Other Backward Class",B.Sc. Nursing,(OBC-NCL),NO,1
4401020065,All India ,119,General,NO,2,200449,"Maulana Azad Medical College, New Delhi,2 Bahadur Shah Zafar MargNew Delhi, Delhi (NCT), 110002",MBBS,Open,NO,1
3923420266,Open Seat Quota ,120,OBC,NO,1,200502,"AIIMS, New Delhi,AIIMS ANSARI NAGAR EAST AUROBINDO MARG NEW DELHI 110029, Delhi (NCT), 110029MBBS Other Backward Class",B.Sc. Nursing,(OBC-NCL),NO,1
3103110206,Open Seat Quota ,121,OBC,NO,1,200502,"AIIMS, New Delhi,AIIMS ANSARI NAGAR EAST AUROBINDO MARG NEW DELHI 110029, Delhi (NCT), 110029MBBS Other Backward Class",B.Sc. Nursing,(OBC-NCL),NO,1
3903520334,Open Seat Quota ,122,EW,NO,1,200502,"AIIMS, New Delhi,AIIMS ANSARI NAGAR EAST AUROBINDO MARG NEW DELHI 110029, Delhi (NCT), 110029",MBBS,General-EWS,NO,1
3110340157,All India ,123,General,NO,1,200226,"SETH G.S. MEDICAL COLLEGE, MUMBAI,ACHARYA DONDE MARG PAREL MUMBAI, Maharashtra, 400012",MBBS,Open,NO,1
3923310445,Open Seat Quota ,124,General,NO,2,200505," AIIMS, Jodhpur,BASNI PHASE - II, JODHPUR-342005, Rajasthan, 342005 ",MBBS,Open,NO,1
2001210003,Delhi University Quota ,125,General,NO,2,200449,"Maulana Azad Medical College, New Delhi,2 Bahadur Shah Zafar MargNew Delhi, Delhi (NCT), 110002",MBBS,Open,NO,1
2208020326,Open Seat Quota ,126,General,NO,2,200505," AIIMS, Jodhpur,BASNI PHASE - II, JODHPUR-342005, Rajasthan, 342005 ",MBBS,Open,NO,1
2807190031,Open Seat Quota ,127,OBC,NO,1,200502,"AIIMS, New Delhi,AIIMS ANSARI NAGAR EAST AUROBINDO MARG NEW DELHI 110029, Delhi (NCT), 110029MBBS Other Backward Class",B.Sc. Nursing,(OBC-NCL),NO,1
2807220092,Open Seat Quota ,128,OBC,NO,1,200502,"AIIMS, New Delhi,AIIMS ANSARI NAGAR EAST AUROBINDO MARG NEW DELHI 110029, Delhi (NCT), 110029MBBS Other Backward Class",B.Sc. Nursing,(OBC-NCL),NO,1
2201060089,Open Seat Quota ,129,General,NO,2,200505," AIIMS, Jodhpur,BASNI PHASE - II, JODHPUR-342005, Rajasthan, 342005 ",MBBS,Open,NO,1
2305040444,All India ,130,General,NO,2,200495,"Vardhman Mahavir Medical College and Safdarjung Hospital New Delhi, VMMC,Vardhman Mahavir Medical College And Safdarjung Hospital, New Delhi, Delhi (NCT), 110029",MBBS,Open,NO,1
3111030433,Open Seat Quota ,131,General,NO,2,200509,"AIIMS, Nagpur,PLOT NO 2 SECTOR 20 MIHAN NAGPUR, Maharashtra, 441108",MBBS,Open,NO,1
3901060345,Open Seat Quota ,132,General,NO,2,200505," AIIMS, Jodhpur,BASNI PHASE - II, JODHPUR-342005, Rajasthan, 342005 ",MBBS,Open,NO,1
3122040069,Open Seat Quota ,133,OBC,NO,1,200502,"AIIMS, New Delhi,AIIMS ANSARI NAGAR EAST AUROBINDO MARG NEW DELHI 110029, Delhi (NCT), 110029MBBS Other Backward Class",B.Sc. Nursing,(OBC-NCL),NO,1
3802020399,All India ,134,General,NO,2,200449,"Maulana Azad Medical College, New Delhi,2 Bahadur Shah Zafar MargNew Delhi, Delhi (NCT), 110002",MBBS,Open,NO,1
2208140378,Open Seat Quota ,135,EW,NO,1,200502,"AIIMS, New Delhi,AIIMS ANSARI NAGAR EAST AUROBINDO MARG NEW DELHI 110029, Delhi (NCT), 110029",MBBS,General-EWS,NO,1
2712080773,Open Seat Quota ,136,General,NO,1,200521,"JIPMER PUDUCHERRY,Dhanvantari Nagar Gorimedu Puducherry, Puducherry, 605006",MBBS,Open,NO,1
4608030417,Open Seat Quota ,137,General,NO,2,200504,"AIIMS, Bhubaneswar,AT - Sijua, POST - DUMUDUMA, BHUBANESWAR-751019, Odisha, 751019",MBBS,Open,NO,1
3903260523,All India ,138,General,NO,2,200449,"Maulana Azad Medical College, New Delhi,2 Bahadur Shah Zafar MargNew Delhi, Delhi (NCT), 110002",MBBS,Open,NO,1
2301040195,All India ,139,General,NO,2,200449,"Maulana Azad Medical College, New Delhi,2 Bahadur Shah Zafar MargNew Delhi, Delhi (NCT), 110002",MBBS,Open,NO,1
2807020153,Open Seat Quota ,140,OBC,NO,1,200521,"JIPMER PUDUCHERRY,Dhanvantari Nagar Gorimedu Puducherry, Puducherry, 605006",MBBS,Open,NO,1
2405040033,All India ,141,General,NO,2,200495,"Vardhman Mahavir Medical College and Safdarjung Hospital New Delhi, VMMC,Vardhman Mahavir Medical College And Safdarjung Hospital, New Delhi, Delhi (NCT), 110029",MBBS,Open,NO,1
3003480154,Open Seat Quota ,142,OBC,NO,1,200502,"AIIMS, New Delhi,AIIMS ANSARI NAGAR EAST AUROBINDO MARG NEW DELHI 110029, Delhi (NCT), 110029MBBS Other Backward Class",B.Sc. Nursing,(OBC-NCL),NO,1
2201030018,Open Seat Quota ,143,General,NO,2,200505," AIIMS, Jodhpur,BASNI PHASE - II, JODHPUR-342005, Rajasthan, 342005 ",MBBS,Open,NO,1
3112380083,Open Seat Quota ,144,EW,NO,1,200502,"AIIMS, New Delhi,AIIMS ANSARI NAGAR EAST AUROBINDO MARG NEW DELHI 110029, Delhi (NCT), 110029",MBBS,General-EWS,NO,1
1601030107,All India ,145,General,NO,2,200449,"Maulana Azad Medical College, New Delhi,2 Bahadur Shah Zafar MargNew Delhi, Delhi (NCT), 110002",MBBS,Open,NO,1
3111090010,Open Seat Quota ,146,General,NO,1,200509,"AIIMS, Nagpur,PLOT NO 2 SECTOR 20 MIHAN NAGPUR, Maharashtra, 441108",MBBS,Open,NO,1
2712120186,Open Seat Quota ,147,SC,NO,1,200502,"AIIMS, New Delhi,AIIMS ANSARI NAGAR EAST AUROBINDO MARG NEW DELHI 110029, Delhi (NCT), 110029MBBS Schedule",B.Sc. Nursing,Caste(SC),NO,1
4408300287,Open Seat Quota ,148,OBC,NO,1,200502,"AIIMS, New Delhi,AIIMS ANSARI NAGAR EAST AUROBINDO MARG NEW DELHI 110029, Delhi (NCT), 110029MBBS Other Backward Class",B.Sc. Nursing,(OBC-NCL),NO,1
1520010328,All India ,149,General,NO,2,200450,"University College of Medical Sciences, New Delhi,Dilshad Garden, Delhi (NCT), 110095",MBBS,Open,NO,1
1201050212,Open Seat Quota ,150,General,NO,2,200521,"JIPMER PUDUCHERRY,Dhanvantari Nagar Gorimedu Puducherry, Puducherry, 605006",MBBS,Open,NO,1
2314010445,All India ,151,General,NO,1,200449,"Maulana Azad Medical College, New Delhi,2 Bahadur Shah Zafar MargNew Delhi, Delhi (NCT), 110002",MBBS,Open,NO,2
3115310154,Open Seat Quota ,152,General,NO,2,200505," AIIMS, Jodhpur,BASNI PHASE - II, JODHPUR-342005, Rajasthan, 342005 ",MBBS,Open,NO,1
3905100364,Delhi University Quota ,153,General,NO,3,200449,"Maulana Azad Medical College, New Delhi,2 Bahadur Shah Zafar MargNew Delhi, Delhi (NCT), 110002",MBBS,Open,NO,1
2712150082,Deemed/Paid Seats Quota ,154,General,NO,2,200340,"Kasturba Medical College, Manipal Univ., Manipal,Madhav Nagar, Manipal, Karnataka State India, Karnataka, 576104",MBBS,Open,NO,1
3903180491,All India ,155,General,NO,4,200498,"Atal Bihari Vajpayee Institute of Medical Sciences & DR RML HOSPITAL, NEW DELHI,ABVIMS, Dr. RML Hospital, B.K.S. Marg, New Delhi, Delhi (NCT), 110001",MBBS,Open,NO,1
1502030814,Open Seat Quota ,156,OBC,NO,1,200502,"AIIMS, New Delhi,AIIMS ANSARI NAGAR EAST AUROBINDO MARG NEW DELHI 110029, Delhi (NCT), 110029MBBS Other Backward Class",B.Sc. Nursing,(OBC-NCL),NO,1
2001900172,IP University Quota ,157,General,NO,3,200495,"Vardhman Mahavir Medical College and Safdarjung Hospital New Delhi, VMMC,Vardhman Mahavir Medical College And Safdarjung Hospital, New Delhi, Delhi (NCT), 110029",MBBS,Open,NO,1
4606060349,Open Seat Quota ,158,OBC,NO,1,200502,"AIIMS, New Delhi,AIIMS ANSARI NAGAR EAST AUROBINDO MARG NEW DELHI 110029, Delhi (NCT), 110029MBBS Other Backward Class",B.Sc. Nursing,(OBC-NCL),NO,1
2712130437,Open Seat Quota ,159,General,NO,1,200521,"JIPMER PUDUCHERRY,Dhanvantari Nagar Gorimedu Puducherry, Puducherry, 605006",MBBS,Open,NO,1
2314030201,IP University Quota ,160,General,NO,3,200495,"Vardhman Mahavir Medical College and Safdarjung Hospital New Delhi, VMMC,Vardhman Mahavir Medical College And Safdarjung Hospital, New Delhi, Delhi (NCT), 110029",MBBS,Open,NO,1
2601020628,Open Seat Quota ,161,General,NO,2,200503," AIIMS-Bhopal,,SAKET NAGAR BHOPAL, Madhya Pradesh, 462020 ",MBBS,Open,NO,1
1601020262,Open Seat Quota ,162,General,NO,4,200521,"JIPMER PUDUCHERRY,Dhanvantari Nagar Gorimedu Puducherry, Puducherry, 605006",MBBS,Open,NO,1
2001770302,Open Seat Quota ,163,SC,NO,1,200502,"AIIMS, New Delhi,AIIMS ANSARI NAGAR EAST AUROBINDO MARG NEW DELHI 110029, Delhi (NCT), 110029MBBS Schedule",B.Sc. Nursing,Caste(SC),NO,1
2224010207,Open Seat Quota ,164,General,NO,2,200505," AIIMS, Jodhpur,BASNI PHASE - II, JODHPUR-342005, Rajasthan, 342005 ",MBBS,Open,NO,1
1205100160,Open Seat Quota ,165,EW,NO,1,200502,"AIIMS, New Delhi,AIIMS ANSARI NAGAR EAST AUROBINDO MARG NEW DELHI 110029, Delhi (NCT), 110029",MBBS,General-EWS,NO,1
1203010030,Open Seat Quota ,166,General,NO,2,200521,"JIPMER PUDUCHERRY,Dhanvantari Nagar Gorimedu Puducherry, Puducherry, 605006",MBBS,Open,NO,1
3802040249,All India ,167,General,NO,4,200498,"Atal Bihari Vajpayee Institute of Medical Sciences & DR RML HOSPITAL, NEW DELHI,ABVIMS, Dr. RML Hospital, B.K.S. Marg, New Delhi, Delhi (NCT), 110001",MBBS,Open,NO,1
3903240175,All India ,168,General,NO,2,200256," S.M.S. MEDICAL COLLEGE, JAIPUR,JLN Marg, Jaipur, Rajasthan, 302004 ",MBBS,Open,NO,1
1205160140,Open Seat Quota ,169,General,NO,1,200521,"JIPMER PUDUCHERRY,Dhanvantari Nagar Gorimedu Puducherry, Puducherry, 605006",MBBS,Open,NO,1
3110130042,All India ,170,General,NO,1,200226,"SETH G.S. MEDICAL COLLEGE, MUMBAI,ACHARYA DONDE MARG PAREL MUMBAI, Maharashtra, 400012",MBBS,Open,NO,1
3912030360,Open Seat Quota ,171,General,NO,3,200505," AIIMS, Jodhpur,BASNI PHASE - II, JODHPUR-342005, Rajasthan, 342005 ",MBBS,Open,NO,1
4102010131,Open Seat Quota ,172,General,NO,2,200521,"JIPMER PUDUCHERRY,Dhanvantari Nagar Gorimedu Puducherry, Puducherry, 605006",MBBS,Open,NO,1
3903210289,Open Seat Quota ,173,OBC,NO,1,200502,"AIIMS, New Delhi,AIIMS ANSARI NAGAR EAST AUROBINDO MARG NEW DELHI 110029, Delhi (NCT), 110029MBBS Other Backward Class",B.Sc. Nursing,(OBC-NCL),NO,1
3923300479,Open Seat Quota ,174,SC,NO,1,200502,"AIIMS, New Delhi,AIIMS ANSARI NAGAR EAST AUROBINDO MARG NEW DELHI 110029, Delhi (NCT), 110029MBBS Schedule",B.Sc. Nursing,Caste(SC),NO,1
1224060127,Open Seat Quota ,175,OBC,NO,1,200502,"AIIMS, New Delhi,AIIMS ANSARI NAGAR EAST AUROBINDO MARG NEW DELHI 110029, Delhi (NCT), 110029MBBS Other Backward Class",B.Sc. Nursing,(OBC-NCL),NO,1
4120030730,Open Seat Quota ,176,General,NO,1,200521,"JIPMER PUDUCHERRY,Dhanvantari Nagar Gorimedu Puducherry, Puducherry, 605006",MBBS,Open,NO,1
3812010248,Open Seat Quota ,177,SC,NO,1,200502,"AIIMS, New Delhi,AIIMS ANSARI NAGAR EAST AUROBINDO MARG NEW DELHI 110029, Delhi (NCT), 110029MBBS Schedule",B.Sc. Nursing,Caste(SC),NO,1
3802040380,All India ,178,General,NO,4,200498,"Atal Bihari Vajpayee Institute of Medical Sciences & DR RML HOSPITAL, NEW DELHI,ABVIMS, Dr. RML Hospital, B.K.S. Marg, New Delhi, Delhi (NCT), 110001",MBBS,Open,NO,1
2807010215,Open Seat Quota ,179,OBC,NO,1,200502,"AIIMS, New Delhi,AIIMS ANSARI NAGAR EAST AUROBINDO MARG NEW DELHI 110029, Delhi (NCT), 110029MBBS Other Backward Class",B.Sc. Nursing,(OBC-NCL),NO,1
3903200099,Open Seat Quota ,180,EW,NO,1,200502,"AIIMS, New Delhi,AIIMS ANSARI NAGAR EAST AUROBINDO MARG NEW DELHI 110029, Delhi (NCT), 110029",MBBS,General-EWS,NO,1
3903280069,All India ,181,General,NO,4,200498,"Atal Bihari Vajpayee Institute of Medical Sciences & DR RML HOSPITAL, NEW DELHI,ABVIMS, Dr. RML Hospital, B.K.S. Marg, New Delhi, Delhi (NCT), 110001",MBBS,Open,NO,1
2808380002,Open Seat Quota ,182,General,NO,1,200521,"JIPMER PUDUCHERRY,Dhanvantari Nagar Gorimedu Puducherry, Puducherry, 605006",MBBS,Open,NO,1
3902060107,Open Seat Quota ,183,General,NO,2,200505," AIIMS, Jodhpur,BASNI PHASE - II, JODHPUR-342005, Rajasthan, 342005 ",MBBS,Open,NO,1
2809030332,Open Seat Quota ,185,OBC,NO,1,200502,"AIIMS, New Delhi,AIIMS ANSARI NAGAR EAST AUROBINDO MARG NEW DELHI 110029, Delhi (NCT), 110029MBBS Other Backward Class",B.Sc. Nursing,(OBC-NCL),NO,1
3803030748,Open Seat Quota ,186,OBC,NO,1,200502,"AIIMS, New Delhi,AIIMS ANSARI NAGAR EAST AUROBINDO MARG NEW DELHI 110029, Delhi (NCT), 110029MBBS Other Backward Class",B.Sc. Nursing,(OBC-NCL),NO,1
3904030594,Open Seat Quota ,188,General,NO,1,200505," AIIMS, Jodhpur,BASNI PHASE - II, JODHPUR-342005, Rajasthan, 342005 ",MBBS,Open,NO,1
2001800059,Open Seat Quota ,189,EW,NO,1,200502,"AIIMS, New Delhi,AIIMS ANSARI NAGAR EAST AUROBINDO MARG NEW DELHI 110029, Delhi (NCT), 110029",MBBS,General-EWS,NO,1
3102040436,All India ,190,General,NO,4,200498,"Atal Bihari Vajpayee Institute of Medical Sciences & DR RML HOSPITAL, NEW DELHI,ABVIMS, Dr. RML Hospital, B.K.S. Marg, New Delhi, Delhi (NCT), 110001",MBBS,Open,NO,1
1203010821,Open Seat Quota ,191,General,NO,2,200521,"JIPMER PUDUCHERRY,Dhanvantari Nagar Gorimedu Puducherry, Puducherry, 605006",MBBS,Open,NO,1
2001450559,All India ,192,OBC,NO,2,200495,"Vardhman Mahavir Medical College and Safdarjung Hospital New Delhi, VMMC,Vardhman Mahavir Medical College And Safdarjung Hospital, New Delhi, Delhi (NCT), 110029MBBS Other Backward Class",B.Sc. Nursing,(OBC-NCL),NO,1
2001550210,Delhi University Quota ,193,General,NO,3,200449,"Maulana Azad Medical College, New Delhi,2 Bahadur Shah Zafar MargNew Delhi, Delhi (NCT), 110002",MBBS,Open,NO,1
2201050010,All India ,194,General,NO,1,200137,"B.J. MEDICAL COLLEGE, AHMEDABAD,B J Medical College, New Civil Hospital Campus, Asarwa, Ahmedabad 380016, Gujarat, 380016",MBBS,Open,NO,1
2712030505,Open Seat Quota ,195,General,NO,3,200521,"JIPMER PUDUCHERRY,Dhanvantari Nagar Gorimedu Puducherry, Puducherry, 605006",MBBS,Open,NO,1
2807110081,Open Seat Quota ,196,General,NO,1,200521,"JIPMER PUDUCHERRY,Dhanvantari Nagar Gorimedu Puducherry, Puducherry, 605006",MBBS,Open,NO,1
2708130183,Foreign Country Quota ,197,General,NO,1,200502,"AIIMS, New Delhi,AIIMS ANSARI NAGAR EAST AUROBINDO MARG NEW DELHI 110029, Delhi (NCT), 110029",MBBS,Open,NO,1
3923060300,Open Seat Quota ,198,OBC,NO,2,200505," AIIMS, Jodhpur,BASNI PHASE - II, JODHPUR-342005, Rajasthan, 342005 ",MBBS,Open,NO,1
2808070151,Open Seat Quota ,199,OBC,NO,2,200521,"JIPMER PUDUCHERRY,Dhanvantari Nagar Gorimedu Puducherry, Puducherry, 605006",MBBS,Open,NO,1
2807150246,Open Seat Quota ,200,General,NO,2,200521,"JIPMER PUDUCHERRY,Dhanvantari Nagar Gorimedu Puducherry, Puducherry, 605006",MBBS,Open,NO,1
2807050148,Open Seat Quota ,201,General,NO,2,200521,"JIPMER PUDUCHERRY,Dhanvantari Nagar Gorimedu Puducherry, Puducherry, 605006",MBBS,Open,NO,1
4407100313,Open Seat Quota ,202,SC,NO,1,200502,"AIIMS, New Delhi,AIIMS ANSARI NAGAR EAST AUROBINDO MARG NEW DELHI 110029, Delhi (NCT), 110029MBBS Schedule",B.Sc. Nursing,Caste(SC),NO,1
3923210388,All India ,203,General,NO,4,200498,"Atal Bihari Vajpayee Institute of Medical Sciences & DR RML HOSPITAL, NEW DELHI,ABVIMS, Dr. RML Hospital, B.K.S. Marg, New Delhi, Delhi (NCT), 110001",MBBS,Open,NO,1
3110510168,Open Seat Quota ,204,General,NO,2,200521,"JIPMER PUDUCHERRY,Dhanvantari Nagar Gorimedu Puducherry, Puducherry, 605006",MBBS,Open,NO,1
4402040206,Delhi University Quota ,205,OBC,NO,2,200449,"Maulana Azad Medical College, New Delhi,2 Bahadur Shah Zafar MargNew Delhi, Delhi (NCT), 110002",MBBS,Open,NO,1
3622020218,Open Seat Quota ,206,OBC,NO,2,200504,"AIIMS, Bhubaneswar,AT - Sijua, POST - DUMUDUMA, BHUBANESWAR-751019, Odisha, 751019",MBBS,Open,NO,1
2808020713,Open Seat Quota ,207,OBC,NO,2,200521,"JIPMER PUDUCHERRY,Dhanvantari Nagar Gorimedu Puducherry, Puducherry, 605006",MBBS,Open,NO,1
3904090286,Open Seat Quota ,208,General,NO,1,200505," AIIMS, Jodhpur,BASNI PHASE - II, JODHPUR-342005, Rajasthan, 342005 ",MBBS,Open,NO,1
3924040220,Open Seat Quota ,209,SC,NO,1,200502,"AIIMS, New Delhi,AIIMS ANSARI NAGAR EAST AUROBINDO MARG NEW DELHI 110029, Delhi (NCT), 110029MBBS Schedule",B.Sc. Nursing,Caste(SC),NO,1
3111110535,Open Seat Quota ,210,OBC,NO,2,200503," AIIMS-Bhopal,,SAKET NAGAR BHOPAL, Madhya Pradesh, 462020 ",MBBS,Open,NO,1
2306100207,Delhi University Quota ,211,General,NO,2,200449,"Maulana Azad Medical College, New Delhi,2 Bahadur Shah Zafar MargNew Delhi, Delhi (NCT), 110002",MBBS,Open,NO,1
2208010626,All India ,212,General,NO,5,200450,"University College of Medical Sciences, New Delhi,Dilshad Garden, Delhi (NCT), 110095",MBBS,Open,NO,1
3003120225,Open Seat Quota ,213,General,NO,5,200503," AIIMS-Bhopal,,SAKET NAGAR BHOPAL, Madhya Pradesh, 462020 ",MBBS,Open,NO,1
3604100505,Open Seat Quota ,214,EW,NO,1,200502,"AIIMS, New Delhi,AIIMS ANSARI NAGAR EAST AUROBINDO MARG NEW DELHI 110029, Delhi (NCT), 110029",MBBS,General-EWS,NO,1
4201100541,Open Seat Quota ,215,General,NO,2,200521,"JIPMER PUDUCHERRY,Dhanvantari Nagar Gorimedu Puducherry, Puducherry, 605006",MBBS,Open,NO,1
3605110311,Open Seat Quota ,216,General,NO,2,200504,"AIIMS, Bhubaneswar,AT - Sijua, POST - DUMUDUMA, BHUBANESWAR-751019, Odisha, 751019",MBBS,Open,NO,1
4201500136,All India ,217,OBC,NO,2,200449,"Maulana Azad Medical College, New Delhi,2 Bahadur Shah Zafar MargNew Delhi, Delhi (NCT), 110002MBBS Other Backward Class",B.Sc. Nursing,(OBC-NCL),NO,1
2712130469,Open Seat Quota ,218,General,NO,2,200521,"JIPMER PUDUCHERRY,Dhanvantari Nagar Gorimedu Puducherry, Puducherry, 605006",MBBS,Open,NO,1
4201020831,Open Seat Quota ,219,ST,NO,1,200502,"AIIMS, New Delhi,AIIMS ANSARI NAGAR EAST AUROBINDO MARG NEW DELHI 110029, Delhi (NCT), 110029MBBS Schedule",B.Sc. Nursing,Tribe(ST),NO,1
4613060012,Open Seat Quota ,220,General,NO,2,200514,"AIIMS, Kalyani,NH-34 Connector, Basantapur, Saguna, Kalyani, 741245, West Bengal, India, West Bengal, 741245",MBBS,Open,NO,1
1201030368,Open Seat Quota ,221,General,NO,2,200510,"AIIMS Mangalagiri ,ALL INDIA INSTITUTE OF MEDICAL SCIENCES NEAR TADEPALLIMANGALAGIRIGUNTUR (Dt)ANDHRA PRADESH, Andhra Pradesh, 522503",MBBS,Open,NO,1
3019010035,Open Seat Quota ,222,OBC,NO,2,200503," AIIMS-Bhopal,,SAKET NAGAR BHOPAL, Madhya Pradesh, 462020 ",MBBS,Open,NO,1
3905130484,All India ,223,General,NO,5,200450,"University College of Medical Sciences, New Delhi,Dilshad Garden, Delhi (NCT), 110095",MBBS,Open,NO,1
1402210373,Open Seat Quota ,224,General,NO,4,200505," AIIMS, Jodhpur,BASNI PHASE - II, JODHPUR-342005, Rajasthan, 342005 ",MBBS,Open,NO,1
4113010150,Open Seat Quota ,225,General,NO,1,200521,"JIPMER PUDUCHERRY,Dhanvantari Nagar Gorimedu Puducherry, Puducherry, 605006",MBBS,Open,NO,1
3923170222,Open Seat Quota ,226,EW,NO,2,200505," AIIMS, Jodhpur,BASNI PHASE - II, JODHPUR-342005, Rajasthan, 342005 ",MBBS,Open,NO,1
4604040188,Open Seat Quota ,227,General,NO,2,200504,"AIIMS, Bhubaneswar,AT - Sijua, POST - DUMUDUMA, BHUBANESWAR-751019, Odisha, 751019",MBBS,Open,NO,1
2501220178,Open Seat Quota ,228,General,NO,4,200503," AIIMS-Bhopal,,SAKET NAGAR BHOPAL, Madhya Pradesh, 462020 ",MBBS,Open,NO,1
2209040295,Open Seat Quota ,229,General,NO,2,200505," AIIMS, Jodhpur,BASNI PHASE - II, JODHPUR-342005, Rajasthan, 342005 ",MBBS,Open,NO,1
2807020661,Open Seat Quota ,230,OBC,NO,2,200521,"JIPMER PUDUCHERRY,Dhanvantari Nagar Gorimedu Puducherry, Puducherry, 605006",MBBS,Open,NO,1
3108120291,Open Seat Quota ,231,General,NO,2,200521,"JIPMER PUDUCHERRY,Dhanvantari Nagar Gorimedu Puducherry, Puducherry, 605006",MBBS,Open,NO,1
2201080469,All India ,232,General,NO,1,200137,"B.J. MEDICAL COLLEGE, AHMEDABAD,B J Medical College, New Civil Hospital Campus, Asarwa, Ahmedabad 380016, Gujarat, 380016",MBBS,Open,NO,1
1224070158,Open Seat Quota ,233,OBC,NO,2,200521,"JIPMER PUDUCHERRY,Dhanvantari Nagar Gorimedu Puducherry, Puducherry, 605006",MBBS,Open,NO,1
3903290020,All India ,234,OBC,NO,2,200449,"Maulana Azad Medical College, New Delhi,2 Bahadur Shah Zafar MargNew Delhi, Delhi (NCT), 110002MBBS Other Backward Class",B.Sc. Nursing,(OBC-NCL),NO,1
3902030417,Open Seat Quota ,235,General,NO,4,200405,"INST.OF MED.SCIENCES, BHU,VARANASI,Institute of Medical Sciences, Banaras Hindu University, Uttar Pradesh, 211005",MBBS,Open,NO,1
1402180451,Open Seat Quota ,236,General,NO,2,200504,"AIIMS, Bhubaneswar,AT - Sijua, POST - DUMUDUMA, BHUBANESWAR-751019, Odisha, 751019",MBBS,Open,NO,1
4604010459,Open Seat Quota ,237,General,NO,2,200504,"AIIMS, Bhubaneswar,AT - Sijua, POST - DUMUDUMA, BHUBANESWAR-751019, Odisha, 751019",MBBS,Open,NO,1
4606010197,All India ,238,OBC,NO,2,200495,"Vardhman Mahavir Medical College and Safdarjung Hospital New Delhi, VMMC,Vardhman Mahavir Medical College And Safdarjung Hospital, New Delhi, Delhi (NCT), 110029MBBS Other Backward Class",B.Sc. Nursing,(OBC-NCL),NO,1
1220010064,Open Seat Quota ,239,General,NO,2,200521,"JIPMER PUDUCHERRY,Dhanvantari Nagar Gorimedu Puducherry, Puducherry, 605006",MBBS,Open,NO,1
3103030156,Open Seat Quota ,240,General,NO,2,200509,"AIIMS, Nagpur,PLOT NO 2 SECTOR 20 MIHAN NAGPUR, Maharashtra, 441108",MBBS,Open,NO,1
2306100117,Open Seat Quota ,241,General,NO,2,200507,"AIIMS, Rishikesh ,ALL INDIA INSTITUTE OF MEDICAL SCIENCES, RISHIKESHUttarakhand - 249203, Uttarakhand, 249203",MBBS,Open,NO,1
2209020127,All India ,242,General,NO,1,200142,"MEDICAL COLLEGE, BARODA,Government Medical College Baroda, Anandpura, Vadodara Pin No 390001, Gujarat, 390001",MBBS,Open,NO,1
3923450117,Open Seat Quota ,244,OBC,NO,2,200505," AIIMS, Jodhpur,BASNI PHASE - II, JODHPUR-342005, Rajasthan, 342005 ",MBBS,Open,NO,1
3115180300,All India ,245,General,NO,5,200450,"University College of Medical Sciences, New Delhi,Dilshad Garden, Delhi (NCT), 110095",MBBS,Open,NO,1
3112040640,All India ,246,OBC,NO,2,200449,"Maulana Azad Medical College, New Delhi,2 Bahadur Shah Zafar MargNew Delhi, Delhi (NCT), 110002MBBS Other Backward Class",B.Sc. Nursing,(OBC-NCL),NO,1
3925010068,Open Seat Quota ,247,OBC,NO,2,200505," AIIMS, Jodhpur,BASNI PHASE - II, JODHPUR-342005, Rajasthan, 342005 ",MBBS,Open,NO,1
1601010825,Open Seat Quota ,248,General,NO,2,200505," AIIMS, Jodhpur,BASNI PHASE - II, JODHPUR-342005, Rajasthan, 342005 ",MBBS,Open,NO,1
3923490418,All India ,249,OBC,NO,2,200495,"Vardhman Mahavir Medical College and Safdarjung Hospital New Delhi, VMMC,Vardhman Mahavir Medical College And Safdarjung Hospital, New Delhi, Delhi (NCT), 110029MBBS Other Backward Class",B.Sc. Nursing,(OBC-NCL),NO,1
2316020203,Delhi University Quota ,250,General,NO,3,200449,"Maulana Azad Medical College, New Delhi,2 Bahadur Shah Zafar MargNew Delhi, Delhi (NCT), 110002",MBBS,Open,NO,1
4435020211,Open Seat Quota ,251,General,NO,3,200503," AIIMS-Bhopal,,SAKET NAGAR BHOPAL, Madhya Pradesh, 462020 ",MBBS,Open,NO,1
1502510015,All India ,252,OBC,NO,2,200495,"Vardhman Mahavir Medical College and Safdarjung Hospital New Delhi, VMMC,Vardhman Mahavir Medical College And Safdarjung Hospital, New Delhi, Delhi (NCT), 110029MBBS Other Backward Class",B.Sc. Nursing,(OBC-NCL),NO,1
3805040214,All India ,253,General,NO,5,200450,"University College of Medical Sciences, New Delhi,Dilshad Garden, Delhi (NCT), 110095",MBBS,Open,NO,1
1205080460,Open Seat Quota ,254,General,NO,2,200521,"JIPMER PUDUCHERRY,Dhanvantari Nagar Gorimedu Puducherry, Puducherry, 605006",MBBS,Open,NO,1
3923200217,Open Seat Quota ,255,General,NO,2,200505," AIIMS, Jodhpur,BASNI PHASE - II, JODHPUR-342005, Rajasthan, 342005 ",MBBS,Open,NO,1
4608200290,All India ,256,General,NO,5,200450,"University College of Medical Sciences, New Delhi,Dilshad Garden, Delhi (NCT), 110095",MBBS,Open,NO,1
4208080005,Open Seat Quota ,257,OBC,NO,2,200521,"JIPMER PUDUCHERRY,Dhanvantari Nagar Gorimedu Puducherry, Puducherry, 605006",MBBS,Open,NO,1
3923160234,Open Seat Quota ,258,General,NO,2,200505," AIIMS, Jodhpur,BASNI PHASE - II, JODHPUR-342005, Rajasthan, 342005 ",MBBS,Open,NO,1
2303030366,All India ,259,General,NO,2,200119,"GOVERNMENT MEDICAL COLLEGE AND HOSPITAL, CHANDIGAR,GOVERNMENT MEDICAL COLLEGE AND HOSPITAL, SECTOR 32, CHANDIGARH, Chandigarh, 160030",MBBS,Open,NO,1
3617020031,Open Seat Quota ,260,General,NO,2,200504,"AIIMS, Bhubaneswar,AT - Sijua, POST - DUMUDUMA, BHUBANESWAR-751019, Odisha, 751019",MBBS,Open,NO,1
2214010039,Open Seat Quota ,261,OBC,NO,2,200505," AIIMS, Jodhpur,BASNI PHASE - II, JODHPUR-342005, Rajasthan, 342005 ",MBBS,Open,NO,1
3923440252,All India ,262,OBC,NO,2,200449,"Maulana Azad Medical College, New Delhi,2 Bahadur Shah Zafar MargNew Delhi, Delhi (NCT), 110002MBBS Other Backward Class",B.Sc. Nursing,(OBC-NCL),NO,1
3108020584,Open Seat Quota ,263,OBC,NO,2,200521,"JIPMER PUDUCHERRY,Dhanvantari Nagar Gorimedu Puducherry, Puducherry, 605006",MBBS,Open,NO,1
3903490310,Open Seat Quota ,264,EW,NO,2,200505," AIIMS, Jodhpur,BASNI PHASE - II, JODHPUR-342005, Rajasthan, 342005 ",MBBS,Open,NO,1
4408050090,Open Seat Quota ,265,General,NO,3,200507,"AIIMS, Rishikesh ,ALL INDIA INSTITUTE OF MEDICAL SCIENCES, RISHIKESHUttarakhand - 249203, Uttarakhand, 249203",MBBS,Open,NO,1
3115140095,Open Seat Quota ,266,General,NO,2,200505," AIIMS, Jodhpur,BASNI PHASE - II, JODHPUR-342005, Rajasthan, 342005 ",MBBS,Open,NO,1
1601030326,Delhi University Quota ,267,General,NO,3,200449,"Maulana Azad Medical College, New Delhi,2 Bahadur Shah Zafar MargNew Delhi, Delhi (NCT), 110002",MBBS,Open,NO,1
1521010087,All India ,268,OBC,NO,2,200449,"Maulana Azad Medical College, New Delhi,2 Bahadur Shah Zafar MargNew Delhi, Delhi (NCT), 110002MBBS Other Backward Class",B.Sc. Nursing,(OBC-NCL),NO,1
3923040675,All India ,269,EW,NO,2,200449,"Maulana Azad Medical College, New Delhi,2 Bahadur Shah Zafar MargNew Delhi, Delhi (NCT), 110002",MBBS,General-EWS,NO,1
3903230017,All India ,270,OBC,NO,2,200449,"Maulana Azad Medical College, New Delhi,2 Bahadur Shah Zafar MargNew Delhi, Delhi (NCT), 110002MBBS Other Backward Class",B.Sc. Nursing,(OBC-NCL),NO,1
3923140333,Open Seat Quota ,271,General,NO,1,200505," AIIMS, Jodhpur,BASNI PHASE - II, JODHPUR-342005, Rajasthan, 342005 ",MBBS,Open,NO,1
3802020448,Open Seat Quota ,272,General,NO,4,200511,"AIIMS Bathinda ,Jodhpur Romana near Giani Zail Singh College Mandi Dabwali Road Bathinda, Punjab, 151001",MBBS,Open,NO,1
4108070054,Open Seat Quota ,273,General,NO,1,200521,"JIPMER PUDUCHERRY,Dhanvantari Nagar Gorimedu Puducherry, Puducherry, 605006",MBBS,Open,NO,1
